<annotation>
	<folder>BOARDS</folder>
	<filename>BOARD3-1.jpg</filename>
	<path>/Users/abhir/Desktop/AOI/data/BOARDS/BOARD3-1.jpg</path>
	<source>
		<database>Unknown</database>
	</source>
	<size>
		<width>4032</width>
		<height>3024</height>
		<depth>3</depth>
	</size>
	<segmented>0</segmented>
	<object>
		<name>enet</name>
		<pose>Unspecified</pose>
		<truncated>0</truncated>
		<difficult>0</difficult>
		<bndbox>
			<xmin>2074</xmin>
			<ymin>1286</ymin>
			<xmax>2199</xmax>
			<ymax>1412</ymax>
		</bndbox>
	</object>
	<object>
		<name>regulator</name>
		<pose>Unspecified</pose>
		<truncated>0</truncated>
		<difficult>0</difficult>
		<bndbox>
			<xmin>2475</xmin>
			<ymin>1670</ymin>
			<xmax>2658</xmax>
			<ymax>1825</ymax>
		</bndbox>
	</object>
	<object>
		<name>regulator</name>
		<pose>Unspecified</pose>
		<truncated>0</truncated>
		<difficult>0</difficult>
		<bndbox>
			<xmin>2438</xmin>
			<ymin>1881</ymin>
			<xmax>2636</xmax>
			<ymax>2030</ymax>
		</bndbox>
	</object>
	<object>
		<name>osc1</name>
		<pose>Unspecified</pose>
		<truncated>0</truncated>
		<difficult>0</difficult>
		<bndbox>
			<xmin>1449</xmin>
			<ymin>1049</ymin>
			<xmax>1604</xmax>
			<ymax>1221</ymax>
		</bndbox>
	</object>
	<object>
		<name>buck</name>
		<pose>Unspecified</pose>
		<truncated>0</truncated>
		<difficult>0</difficult>
		<bndbox>
			<xmin>1279</xmin>
			<ymin>1115</ymin>
			<xmax>1375</xmax>
			<ymax>1214</ymax>
		</bndbox>
	</object>
	<object>
		<name>buck</name>
		<pose>Unspecified</pose>
		<truncated>0</truncated>
		<difficult>0</difficult>
		<bndbox>
			<xmin>1088</xmin>
			<ymin>1841</ymin>
			<xmax>1185</xmax>
			<ymax>1946</ymax>
		</bndbox>
	</object>
	<object>
		<name>rect</name>
		<pose>Unspecified</pose>
		<truncated>0</truncated>
		<difficult>0</difficult>
		<bndbox>
			<xmin>1651</xmin>
			<ymin>1289</ymin>
			<xmax>1848</xmax>
			<ymax>1360</ymax>
		</bndbox>
	</object>
	<object>
		<name>rect</name>
		<pose>Unspecified</pose>
		<truncated>0</truncated>
		<difficult>0</difficult>
		<bndbox>
			<xmin>1656</xmin>
			<ymin>1394</ymin>
			<xmax>1843</xmax>
			<ymax>1468</ymax>
		</bndbox>
	</object>
	<object>
		<name>rect</name>
		<pose>Unspecified</pose>
		<truncated>0</truncated>
		<difficult>0</difficult>
		<bndbox>
			<xmin>1653</xmin>
			<ymin>1512</ymin>
			<xmax>1841</xmax>
			<ymax>1574</ymax>
		</bndbox>
	</object>
	<object>
		<name>osc2</name>
		<pose>Unspecified</pose>
		<truncated>0</truncated>
		<difficult>0</difficult>
		<bndbox>
			<xmin>2379</xmin>
			<ymin>1143</ymin>
			<xmax>2480</xmax>
			<ymax>1297</ymax>
		</bndbox>
	</object>
	<object>
		<name>dac</name>
		<pose>Unspecified</pose>
		<truncated>0</truncated>
		<difficult>0</difficult>
		<bndbox>
			<xmin>1120</xmin>
			<ymin>1521</ymin>
			<xmax>1330</xmax>
			<ymax>1758</ymax>
		</bndbox>
	</object>
	<object>
		<name>transistor</name>
		<pose>Unspecified</pose>
		<truncated>0</truncated>
		<difficult>0</difficult>
		<bndbox>
			<xmin>1912</xmin>
			<ymin>1669</ymin>
			<xmax>2008</xmax>
			<ymax>1756</ymax>
		</bndbox>
	</object>
	<object>
		<name>con</name>
		<pose>Unspecified</pose>
		<truncated>0</truncated>
		<difficult>0</difficult>
		<bndbox>
			<xmin>1600</xmin>
			<ymin>1808</ymin>
			<xmax>1888</xmax>
			<ymax>2062</ymax>
		</bndbox>
	</object>
	<object>
		<name>cap1</name>
		<pose>Unspecified</pose>
		<truncated>0</truncated>
		<difficult>0</difficult>
		<bndbox>
			<xmin>1185</xmin>
			<ymin>1060</ymin>
			<xmax>1259</xmax>
			<ymax>1093</ymax>
		</bndbox>
	</object>
	<object>
		<name>cap1</name>
		<pose>Unspecified</pose>
		<truncated>0</truncated>
		<difficult>0</difficult>
		<bndbox>
			<xmin>1277</xmin>
			<ymin>1063</ymin>
			<xmax>1349</xmax>
			<ymax>1097</ymax>
		</bndbox>
	</object>
	<object>
		<name>cap1</name>
		<pose>Unspecified</pose>
		<truncated>0</truncated>
		<difficult>0</difficult>
		<bndbox>
			<xmin>1391</xmin>
			<ymin>1128</ymin>
			<xmax>1426</xmax>
			<ymax>1197</ymax>
		</bndbox>
	</object>
	<object>
		<name>cap1</name>
		<pose>Unspecified</pose>
		<truncated>0</truncated>
		<difficult>0</difficult>
		<bndbox>
			<xmin>1321</xmin>
			<ymin>1233</ymin>
			<xmax>1385</xmax>
			<ymax>1265</ymax>
		</bndbox>
	</object>
	<object>
		<name>cap1</name>
		<pose>Unspecified</pose>
		<truncated>0</truncated>
		<difficult>0</difficult>
		<bndbox>
			<xmin>1251</xmin>
			<ymin>1478</ymin>
			<xmax>1323</xmax>
			<ymax>1513</ymax>
		</bndbox>
	</object>
	<object>
		<name>cap1</name>
		<pose>Unspecified</pose>
		<truncated>0</truncated>
		<difficult>0</difficult>
		<bndbox>
			<xmin>1341</xmin>
			<ymin>1483</ymin>
			<xmax>1413</xmax>
			<ymax>1516</ymax>
		</bndbox>
	</object>
	<object>
		<name>cap1</name>
		<pose>Unspecified</pose>
		<truncated>0</truncated>
		<difficult>0</difficult>
		<bndbox>
			<xmin>1068</xmin>
			<ymin>1545</ymin>
			<xmax>1101</xmax>
			<ymax>1607</ymax>
		</bndbox>
	</object>
	<object>
		<name>cap1</name>
		<pose>Unspecified</pose>
		<truncated>0</truncated>
		<difficult>0</difficult>
		<bndbox>
			<xmin>1345</xmin>
			<ymin>1615</ymin>
			<xmax>1371</xmax>
			<ymax>1682</ymax>
		</bndbox>
	</object>
	<object>
		<name>cap1</name>
		<pose>Unspecified</pose>
		<truncated>0</truncated>
		<difficult>0</difficult>
		<bndbox>
			<xmin>1342</xmin>
			<ymin>1717</ymin>
			<xmax>1371</xmax>
			<ymax>1780</ymax>
		</bndbox>
	</object>
	<object>
		<name>cap1</name>
		<pose>Unspecified</pose>
		<truncated>0</truncated>
		<difficult>0</difficult>
		<bndbox>
			<xmin>1117</xmin>
			<ymin>1798</ymin>
			<xmax>1184</xmax>
			<ymax>1827</ymax>
		</bndbox>
	</object>
	<object>
		<name>cap1</name>
		<pose>Unspecified</pose>
		<truncated>0</truncated>
		<difficult>0</difficult>
		<bndbox>
			<xmin>1748</xmin>
			<ymin>1603</ymin>
			<xmax>1815</xmax>
			<ymax>1637</ymax>
		</bndbox>
	</object>
	<object>
		<name>cap1</name>
		<pose>Unspecified</pose>
		<truncated>0</truncated>
		<difficult>0</difficult>
		<bndbox>
			<xmin>2208</xmin>
			<ymin>1232</ymin>
			<xmax>2271</xmax>
			<ymax>1269</ymax>
		</bndbox>
	</object>
	<object>
		<name>cap1</name>
		<pose>Unspecified</pose>
		<truncated>0</truncated>
		<difficult>0</difficult>
		<bndbox>
			<xmin>2291</xmin>
			<ymin>1235</ymin>
			<xmax>2354</xmax>
			<ymax>1269</ymax>
		</bndbox>
	</object>
	<object>
		<name>cap1</name>
		<pose>Unspecified</pose>
		<truncated>0</truncated>
		<difficult>0</difficult>
		<bndbox>
			<xmin>2234</xmin>
			<ymin>1291</ymin>
			<xmax>2297</xmax>
			<ymax>1323</ymax>
		</bndbox>
	</object>
	<object>
		<name>cap1</name>
		<pose>Unspecified</pose>
		<truncated>0</truncated>
		<difficult>0</difficult>
		<bndbox>
			<xmin>2227</xmin>
			<ymin>1393</ymin>
			<xmax>2301</xmax>
			<ymax>1426</ymax>
		</bndbox>
	</object>
	<object>
		<name>cap1</name>
		<pose>Unspecified</pose>
		<truncated>0</truncated>
		<difficult>0</difficult>
		<bndbox>
			<xmin>2037</xmin>
			<ymin>1427</ymin>
			<xmax>2099</xmax>
			<ymax>1461</ymax>
		</bndbox>
	</object>
	<object>
		<name>cap1</name>
		<pose>Unspecified</pose>
		<truncated>0</truncated>
		<difficult>0</difficult>
		<bndbox>
			<xmin>2039</xmin>
			<ymin>1545</ymin>
			<xmax>2072</xmax>
			<ymax>1603</ymax>
		</bndbox>
	</object>
	<object>
		<name>cap1</name>
		<pose>Unspecified</pose>
		<truncated>0</truncated>
		<difficult>0</difficult>
		<bndbox>
			<xmin>2080</xmin>
			<ymin>1542</ymin>
			<xmax>2114</xmax>
			<ymax>1604</ymax>
		</bndbox>
	</object>
	<object>
		<name>cap1</name>
		<pose>Unspecified</pose>
		<truncated>0</truncated>
		<difficult>0</difficult>
		<bndbox>
			<xmin>2124</xmin>
			<ymin>1545</ymin>
			<xmax>2157</xmax>
			<ymax>1605</ymax>
		</bndbox>
	</object>
	<object>
		<name>cap1</name>
		<pose>Unspecified</pose>
		<truncated>0</truncated>
		<difficult>0</difficult>
		<bndbox>
			<xmin>2173</xmin>
			<ymin>1579</ymin>
			<xmax>2237</xmax>
			<ymax>1615</ymax>
		</bndbox>
	</object>
	<object>
		<name>cap1</name>
		<pose>Unspecified</pose>
		<truncated>0</truncated>
		<difficult>0</difficult>
		<bndbox>
			<xmin>2297</xmin>
			<ymin>1625</ymin>
			<xmax>2361</xmax>
			<ymax>1658</ymax>
		</bndbox>
	</object>
	<object>
		<name>cap1</name>
		<pose>Unspecified</pose>
		<truncated>0</truncated>
		<difficult>0</difficult>
		<bndbox>
			<xmin>2177</xmin>
			<ymin>1722</ymin>
			<xmax>2240</xmax>
			<ymax>1760</ymax>
		</bndbox>
	</object>
	<object>
		<name>cap1</name>
		<pose>Unspecified</pose>
		<truncated>0</truncated>
		<difficult>0</difficult>
		<bndbox>
			<xmin>2597</xmin>
			<ymin>1476</ymin>
			<xmax>2631</xmax>
			<ymax>1543</ymax>
		</bndbox>
	</object>
	<object>
		<name>cap1</name>
		<pose>Unspecified</pose>
		<truncated>0</truncated>
		<difficult>0</difficult>
		<bndbox>
			<xmin>2421</xmin>
			<ymin>1681</ymin>
			<xmax>2448</xmax>
			<ymax>1746</ymax>
		</bndbox>
	</object>
	<object>
		<name>cap1</name>
		<pose>Unspecified</pose>
		<truncated>0</truncated>
		<difficult>0</difficult>
		<bndbox>
			<xmin>2584</xmin>
			<ymin>1593</ymin>
			<xmax>2650</xmax>
			<ymax>1625</ymax>
		</bndbox>
	</object>
	<object>
		<name>cap1</name>
		<pose>Unspecified</pose>
		<truncated>0</truncated>
		<difficult>0</difficult>
		<bndbox>
			<xmin>2584</xmin>
			<ymin>1640</ymin>
			<xmax>2650</xmax>
			<ymax>1667</ymax>
		</bndbox>
	</object>
	<object>
		<name>cap1</name>
		<pose>Unspecified</pose>
		<truncated>0</truncated>
		<difficult>0</difficult>
		<bndbox>
			<xmin>2671</xmin>
			<ymin>1772</ymin>
			<xmax>2705</xmax>
			<ymax>1836</ymax>
		</bndbox>
	</object>
	<object>
		<name>cap1</name>
		<pose>Unspecified</pose>
		<truncated>0</truncated>
		<difficult>0</difficult>
		<bndbox>
			<xmin>2357</xmin>
			<ymin>1997</ymin>
			<xmax>2421</xmax>
			<ymax>2032</ymax>
		</bndbox>
	</object>
	<object>
		<name>cap2</name>
		<pose>Unspecified</pose>
		<truncated>0</truncated>
		<difficult>0</difficult>
		<bndbox>
			<xmin>1622</xmin>
			<ymin>1033</ymin>
			<xmax>1745</xmax>
			<ymax>1127</ymax>
		</bndbox>
	</object>
	<object>
		<name>cap2</name>
		<pose>Unspecified</pose>
		<truncated>0</truncated>
		<difficult>0</difficult>
		<bndbox>
			<xmin>2290</xmin>
			<ymin>1666</ymin>
			<xmax>2374</xmax>
			<ymax>1717</ymax>
		</bndbox>
	</object>
	<object>
		<name>cap1</name>
		<pose>Unspecified</pose>
		<truncated>0</truncated>
		<difficult>0</difficult>
		<bndbox>
			<xmin>2498</xmin>
			<ymin>1175</ymin>
			<xmax>2527</xmax>
			<ymax>1241</ymax>
		</bndbox>
	</object>
	<object>
		<name>resistor</name>
		<pose>Unspecified</pose>
		<truncated>0</truncated>
		<difficult>0</difficult>
		<bndbox>
			<xmin>1189</xmin>
			<ymin>1105</ymin>
			<xmax>1264</xmax>
			<ymax>1138</ymax>
		</bndbox>
	</object>
	<object>
		<name>resistor</name>
		<pose>Unspecified</pose>
		<truncated>0</truncated>
		<difficult>0</difficult>
		<bndbox>
			<xmin>1189</xmin>
			<ymin>1187</ymin>
			<xmax>1218</xmax>
			<ymax>1255</ymax>
		</bndbox>
	</object>
	<object>
		<name>resistor</name>
		<pose>Unspecified</pose>
		<truncated>0</truncated>
		<difficult>0</difficult>
		<bndbox>
			<xmin>1233</xmin>
			<ymin>1185</ymin>
			<xmax>1265</xmax>
			<ymax>1255</ymax>
		</bndbox>
	</object>
	<object>
		<name>resistor</name>
		<pose>Unspecified</pose>
		<truncated>0</truncated>
		<difficult>0</difficult>
		<bndbox>
			<xmin>1664</xmin>
			<ymin>1233</ymin>
			<xmax>1739</xmax>
			<ymax>1270</ymax>
		</bndbox>
	</object>
	<object>
		<name>resistor</name>
		<pose>Unspecified</pose>
		<truncated>0</truncated>
		<difficult>0</difficult>
		<bndbox>
			<xmin>1210</xmin>
			<ymin>1777</ymin>
			<xmax>1243</xmax>
			<ymax>1844</ymax>
		</bndbox>
	</object>
	<object>
		<name>resistor</name>
		<pose>Unspecified</pose>
		<truncated>0</truncated>
		<difficult>0</difficult>
		<bndbox>
			<xmin>1257</xmin>
			<ymin>1775</ymin>
			<xmax>1292</xmax>
			<ymax>1847</ymax>
		</bndbox>
	</object>
	<object>
		<name>resistor</name>
		<pose>Unspecified</pose>
		<truncated>0</truncated>
		<difficult>0</difficult>
		<bndbox>
			<xmin>1085</xmin>
			<ymin>1955</ymin>
			<xmax>1177</xmax>
			<ymax>1987</ymax>
		</bndbox>
	</object>
	<object>
		<name>resistor</name>
		<pose>Unspecified</pose>
		<truncated>0</truncated>
		<difficult>0</difficult>
		<bndbox>
			<xmin>1087</xmin>
			<ymin>1996</ymin>
			<xmax>1176</xmax>
			<ymax>2028</ymax>
		</bndbox>
	</object>
	<object>
		<name>resistor</name>
		<pose>Unspecified</pose>
		<truncated>0</truncated>
		<difficult>0</difficult>
		<bndbox>
			<xmin>1776</xmin>
			<ymin>1036</ymin>
			<xmax>1846</xmax>
			<ymax>1073</ymax>
		</bndbox>
	</object>
	<object>
		<name>resistor</name>
		<pose>Unspecified</pose>
		<truncated>0</truncated>
		<difficult>0</difficult>
		<bndbox>
			<xmin>1864</xmin>
			<ymin>1045</ymin>
			<xmax>1899</xmax>
			<ymax>1119</ymax>
		</bndbox>
	</object>
	<object>
		<name>resistor</name>
		<pose>Unspecified</pose>
		<truncated>0</truncated>
		<difficult>0</difficult>
		<bndbox>
			<xmin>1914</xmin>
			<ymin>1042</ymin>
			<xmax>1983</xmax>
			<ymax>1078</ymax>
		</bndbox>
	</object>
	<object>
		<name>resistor</name>
		<pose>Unspecified</pose>
		<truncated>0</truncated>
		<difficult>0</difficult>
		<bndbox>
			<xmin>1918</xmin>
			<ymin>1118</ymin>
			<xmax>1992</xmax>
			<ymax>1150</ymax>
		</bndbox>
	</object>
	<object>
		<name>resistor</name>
		<pose>Unspecified</pose>
		<truncated>0</truncated>
		<difficult>0</difficult>
		<bndbox>
			<xmin>2004</xmin>
			<ymin>1175</ymin>
			<xmax>2074</xmax>
			<ymax>1207</ymax>
		</bndbox>
	</object>
	<object>
		<name>resistor</name>
		<pose>Unspecified</pose>
		<truncated>0</truncated>
		<difficult>0</difficult>
		<bndbox>
			<xmin>2122</xmin>
			<ymin>1175</ymin>
			<xmax>2193</xmax>
			<ymax>1212</ymax>
		</bndbox>
	</object>
	<object>
		<name>resistor</name>
		<pose>Unspecified</pose>
		<truncated>0</truncated>
		<difficult>0</difficult>
		<bndbox>
			<xmin>2227</xmin>
			<ymin>1335</ymin>
			<xmax>2298</xmax>
			<ymax>1365</ymax>
		</bndbox>
	</object>
	<object>
		<name>resistor</name>
		<pose>Unspecified</pose>
		<truncated>0</truncated>
		<difficult>0</difficult>
		<bndbox>
			<xmin>2228</xmin>
			<ymin>1435</ymin>
			<xmax>2295</xmax>
			<ymax>1469</ymax>
		</bndbox>
	</object>
	<object>
		<name>resistor</name>
		<pose>Unspecified</pose>
		<truncated>0</truncated>
		<difficult>0</difficult>
		<bndbox>
			<xmin>2653</xmin>
			<ymin>1081</ymin>
			<xmax>2721</xmax>
			<ymax>1112</ymax>
		</bndbox>
	</object>
	<object>
		<name>resistor</name>
		<pose>Unspecified</pose>
		<truncated>0</truncated>
		<difficult>0</difficult>
		<bndbox>
			<xmin>2651</xmin>
			<ymin>1123</ymin>
			<xmax>2720</xmax>
			<ymax>1155</ymax>
		</bndbox>
	</object>
	<object>
		<name>resistor</name>
		<pose>Unspecified</pose>
		<truncated>0</truncated>
		<difficult>0</difficult>
		<bndbox>
			<xmin>2652</xmin>
			<ymin>1257</ymin>
			<xmax>2717</xmax>
			<ymax>1291</ymax>
		</bndbox>
	</object>
	<object>
		<name>resistor</name>
		<pose>Unspecified</pose>
		<truncated>0</truncated>
		<difficult>0</difficult>
		<bndbox>
			<xmin>2650</xmin>
			<ymin>1302</ymin>
			<xmax>2715</xmax>
			<ymax>1334</ymax>
		</bndbox>
	</object>
	<object>
		<name>resistor</name>
		<pose>Unspecified</pose>
		<truncated>0</truncated>
		<difficult>0</difficult>
		<bndbox>
			<xmin>2641</xmin>
			<ymin>1474</ymin>
			<xmax>2679</xmax>
			<ymax>1547</ymax>
		</bndbox>
	</object>
	<object>
		<name>resistor</name>
		<pose>Unspecified</pose>
		<truncated>0</truncated>
		<difficult>0</difficult>
		<bndbox>
			<xmin>2686</xmin>
			<ymin>1475</ymin>
			<xmax>2719</xmax>
			<ymax>1548</ymax>
		</bndbox>
	</object>
	<object>
		<name>resistor</name>
		<pose>Unspecified</pose>
		<truncated>0</truncated>
		<difficult>0</difficult>
		<bndbox>
			<xmin>1911</xmin>
			<ymin>1520</ymin>
			<xmax>1944</xmax>
			<ymax>1592</ymax>
		</bndbox>
	</object>
	<object>
		<name>resistor</name>
		<pose>Unspecified</pose>
		<truncated>0</truncated>
		<difficult>0</difficult>
		<bndbox>
			<xmin>1954</xmin>
			<ymin>1520</ymin>
			<xmax>1987</xmax>
			<ymax>1592</ymax>
		</bndbox>
	</object>
	<object>
		<name>resistor</name>
		<pose>Unspecified</pose>
		<truncated>0</truncated>
		<difficult>0</difficult>
		<bndbox>
			<xmin>1996</xmin>
			<ymin>1522</ymin>
			<xmax>2032</xmax>
			<ymax>1593</ymax>
		</bndbox>
	</object>
	<object>
		<name>resistor</name>
		<pose>Unspecified</pose>
		<truncated>0</truncated>
		<difficult>0</difficult>
		<bndbox>
			<xmin>2016</xmin>
			<ymin>1670</ymin>
			<xmax>2088</xmax>
			<ymax>1708</ymax>
		</bndbox>
	</object>
	<object>
		<name>resistor</name>
		<pose>Unspecified</pose>
		<truncated>0</truncated>
		<difficult>0</difficult>
		<bndbox>
			<xmin>2017</xmin>
			<ymin>1718</ymin>
			<xmax>2087</xmax>
			<ymax>1752</ymax>
		</bndbox>
	</object>
	<object>
		<name>resistor</name>
		<pose>Unspecified</pose>
		<truncated>0</truncated>
		<difficult>0</difficult>
		<bndbox>
			<xmin>2257</xmin>
			<ymin>1722</ymin>
			<xmax>2325</xmax>
			<ymax>1764</ymax>
		</bndbox>
	</object>
	<object>
		<name>resistor</name>
		<pose>Unspecified</pose>
		<truncated>0</truncated>
		<difficult>0</difficult>
		<bndbox>
			<xmin>2668</xmin>
			<ymin>1687</ymin>
			<xmax>2706</xmax>
			<ymax>1755</ymax>
		</bndbox>
	</object>
	<object>
		<name>resistor</name>
		<pose>Unspecified</pose>
		<truncated>0</truncated>
		<difficult>0</difficult>
		<bndbox>
			<xmin>2714</xmin>
			<ymin>1686</ymin>
			<xmax>2748</xmax>
			<ymax>1755</ymax>
		</bndbox>
	</object>
	<object>
		<name>resistor</name>
		<pose>Unspecified</pose>
		<truncated>0</truncated>
		<difficult>0</difficult>
		<bndbox>
			<xmin>2652</xmin>
			<ymin>1997</ymin>
			<xmax>2725</xmax>
			<ymax>2032</ymax>
		</bndbox>
	</object>
	<object>
		<name>unknown3</name>
		<pose>Unspecified</pose>
		<truncated>0</truncated>
		<difficult>0</difficult>
		<bndbox>
			<xmin>2864</xmin>
			<ymin>1572</ymin>
			<xmax>2934</xmax>
			<ymax>1612</ymax>
		</bndbox>
	</object>
	<object>
		<name>unknown</name>
		<pose>Unspecified</pose>
		<truncated>0</truncated>
		<difficult>0</difficult>
		<bndbox>
			<xmin>1761</xmin>
			<ymin>1085</ymin>
			<xmax>1842</xmax>
			<ymax>1140</ymax>
		</bndbox>
	</object>
	<object>
		<name>unknown2</name>
		<pose>Unspecified</pose>
		<truncated>0</truncated>
		<difficult>0</difficult>
		<bndbox>
			<xmin>1797</xmin>
			<ymin>1238</ymin>
			<xmax>1867</xmax>
			<ymax>1270</ymax>
		</bndbox>
	</object>
	<object>
		<name>jumpers</name>
		<pose>Unspecified</pose>
		<truncated>0</truncated>
		<difficult>0</difficult>
		<bndbox>
			<xmin>1941</xmin>
			<ymin>1871</ymin>
			<xmax>2316</xmax>
			<ymax>1965</ymax>
		</bndbox>
	</object>
	<object>
		<name>con2</name>
		<pose>Unspecified</pose>
		<truncated>0</truncated>
		<difficult>0</difficult>
		<bndbox>
			<xmin>3077</xmin>
			<ymin>1611</ymin>
			<xmax>3239</xmax>
			<ymax>2093</ymax>
		</bndbox>
	</object>
	<object>
		<name>con3</name>
		<pose>Unspecified</pose>
		<truncated>0</truncated>
		<difficult>0</difficult>
		<bndbox>
			<xmin>2741</xmin>
			<ymin>1021</ymin>
			<xmax>3521</xmax>
			<ymax>1548</ymax>
		</bndbox>
	</object>
	<object>
		<name>con4</name>
		<pose>Unspecified</pose>
		<truncated>0</truncated>
		<difficult>0</difficult>
		<bndbox>
			<xmin>1435</xmin>
			<ymin>1242</ymin>
			<xmax>1614</xmax>
			<ymax>1995</ymax>
		</bndbox>
	</object>
	<object>
		<name>pcb</name>
		<pose>Unspecified</pose>
		<truncated>0</truncated>
		<difficult>0</difficult>
		<bndbox>
			<xmin>1012</xmin>
			<ymin>980</ymin>
			<xmax>3526</xmax>
			<ymax>2104</ymax>
		</bndbox>
	</object>
	<object>
		<name>text</name>
		<pose>Unspecified</pose>
		<truncated>0</truncated>
		<difficult>0</difficult>
		<bndbox>
			<xmin>1257</xmin>
			<ymin>1975</ymin>
			<xmax>1330</xmax>
			<ymax>2018</ymax>
		</bndbox>
	</object>
	<object>
		<name>text</name>
		<pose>Unspecified</pose>
		<truncated>0</truncated>
		<difficult>0</difficult>
		<bndbox>
			<xmin>1394</xmin>
			<ymin>1050</ymin>
			<xmax>1428</xmax>
			<ymax>1116</ymax>
		</bndbox>
	</object>
	<object>
		<name>text</name>
		<pose>Unspecified</pose>
		<truncated>0</truncated>
		<difficult>0</difficult>
		<bndbox>
			<xmin>1622</xmin>
			<ymin>1124</ymin>
			<xmax>1725</xmax>
			<ymax>1176</ymax>
		</bndbox>
	</object>
	<object>
		<name>text</name>
		<pose>Unspecified</pose>
		<truncated>0</truncated>
		<difficult>0</difficult>
		<bndbox>
			<xmin>1922</xmin>
			<ymin>1149</ymin>
			<xmax>1987</xmax>
			<ymax>1191</ymax>
		</bndbox>
	</object>
	<object>
		<name>text</name>
		<pose>Unspecified</pose>
		<truncated>0</truncated>
		<difficult>0</difficult>
		<bndbox>
			<xmin>1619</xmin>
			<ymin>1625</ymin>
			<xmax>1852</xmax>
			<ymax>1783</ymax>
		</bndbox>
	</object>
	<object>
		<name>text</name>
		<pose>Unspecified</pose>
		<truncated>0</truncated>
		<difficult>0</difficult>
		<bndbox>
			<xmin>1992</xmin>
			<ymin>1013</ymin>
			<xmax>2583</xmax>
			<ymax>1131</ymax>
		</bndbox>
	</object>
	<object>
		<name>text</name>
		<pose>Unspecified</pose>
		<truncated>0</truncated>
		<difficult>0</difficult>
		<bndbox>
			<xmin>2393</xmin>
			<ymin>1310</ymin>
			<xmax>2595</xmax>
			<ymax>1549</ymax>
		</bndbox>
	</object>
	<object>
		<name>text</name>
		<pose>Unspecified</pose>
		<truncated>0</truncated>
		<difficult>0</difficult>
		<bndbox>
			<xmin>2392</xmin>
			<ymin>1360</ymin>
			<xmax>2722</xmax>
			<ymax>1464</ymax>
		</bndbox>
	</object>
	<object>
		<name>text</name>
		<pose>Unspecified</pose>
		<truncated>0</truncated>
		<difficult>0</difficult>
		<bndbox>
			<xmin>1900</xmin>
			<ymin>1448</ymin>
			<xmax>2030</xmax>
			<ymax>1516</ymax>
		</bndbox>
	</object>
	<object>
		<name>text</name>
		<pose>Unspecified</pose>
		<truncated>0</truncated>
		<difficult>0</difficult>
		<bndbox>
			<xmin>1968</xmin>
			<ymin>1779</ymin>
			<xmax>2087</xmax>
			<ymax>1865</ymax>
		</bndbox>
	</object>
	<object>
		<name>text</name>
		<pose>Unspecified</pose>
		<truncated>0</truncated>
		<difficult>0</difficult>
		<bndbox>
			<xmin>2172</xmin>
			<ymin>1779</ymin>
			<xmax>2287</xmax>
			<ymax>1876</ymax>
		</bndbox>
	</object>
	<object>
		<name>text</name>
		<pose>Unspecified</pose>
		<truncated>0</truncated>
		<difficult>0</difficult>
		<bndbox>
			<xmin>2117</xmin>
			<ymin>1970</ymin>
			<xmax>2214</xmax>
			<ymax>2051</ymax>
		</bndbox>
	</object>
	<object>
		<name>text</name>
		<pose>Unspecified</pose>
		<truncated>0</truncated>
		<difficult>0</difficult>
		<bndbox>
			<xmin>2655</xmin>
			<ymin>1921</ymin>
			<xmax>2768</xmax>
			<ymax>1970</ymax>
		</bndbox>
	</object>
	<object>
		<name>text</name>
		<pose>Unspecified</pose>
		<truncated>0</truncated>
		<difficult>0</difficult>
		<bndbox>
			<xmin>2388</xmin>
			<ymin>1563</ymin>
			<xmax>2584</xmax>
			<ymax>1678</ymax>
		</bndbox>
	</object>
	<object>
		<name>text</name>
		<pose>Unspecified</pose>
		<truncated>0</truncated>
		<difficult>0</difficult>
		<bndbox>
			<xmin>2400</xmin>
			<ymin>1813</ymin>
			<xmax>2518</xmax>
			<ymax>1869</ymax>
		</bndbox>
	</object>
	<object>
		<name>text</name>
		<pose>Unspecified</pose>
		<truncated>0</truncated>
		<difficult>0</difficult>
		<bndbox>
			<xmin>2829</xmin>
			<ymin>1656</ymin>
			<xmax>3069</xmax>
			<ymax>2054</ymax>
		</bndbox>
	</object>
	<object>
		<name>text</name>
		<pose>Unspecified</pose>
		<truncated>0</truncated>
		<difficult>0</difficult>
		<bndbox>
			<xmin>2597</xmin>
			<ymin>1358</ymin>
			<xmax>2722</xmax>
			<ymax>1465</ymax>
		</bndbox>
	</object>
	<object>
		<name>text</name>
		<pose>Unspecified</pose>
		<truncated>0</truncated>
		<difficult>0</difficult>
		<bndbox>
			<xmin>2570</xmin>
			<ymin>1058</ymin>
			<xmax>2655</xmax>
			<ymax>1326</ymax>
		</bndbox>
	</object>
	<object>
		<name>text</name>
		<pose>Unspecified</pose>
		<truncated>0</truncated>
		<difficult>0</difficult>
		<bndbox>
			<xmin>1035</xmin>
			<ymin>1820</ymin>
			<xmax>1084</xmax>
			<ymax>2031</ymax>
		</bndbox>
	</object>
	<object>
		<name>hole</name>
		<pose>Unspecified</pose>
		<truncated>0</truncated>
		<difficult>0</difficult>
		<bndbox>
			<xmin>1255</xmin>
			<ymin>1280</ymin>
			<xmax>1348</xmax>
			<ymax>1379</ymax>
		</bndbox>
	</object>
	<object>
		<name>hole</name>
		<pose>Unspecified</pose>
		<truncated>0</truncated>
		<difficult>0</difficult>
		<bndbox>
			<xmin>1244</xmin>
			<ymin>1865</ymin>
			<xmax>1329</xmax>
			<ymax>1961</ymax>
		</bndbox>
	</object>
	<object>
		<name>hole</name>
		<pose>Unspecified</pose>
		<truncated>0</truncated>
		<difficult>0</difficult>
		<bndbox>
			<xmin>2962</xmin>
			<ymin>1603</ymin>
			<xmax>3054</xmax>
			<ymax>1691</ymax>
		</bndbox>
	</object>
	<object>
		<name>tracks</name>
		<pose>Unspecified</pose>
		<truncated>0</truncated>
		<difficult>0</difficult>
		<bndbox>
			<xmin>2135</xmin>
			<ymin>1466</ymin>
			<xmax>2387</xmax>
			<ymax>1548</ymax>
		</bndbox>
	</object>
	<object>
		<name>tracks</name>
		<pose>Unspecified</pose>
		<truncated>0</truncated>
		<difficult>0</difficult>
		<bndbox>
			<xmin>1927</xmin>
			<ymin>1211</ymin>
			<xmax>2079</xmax>
			<ymax>1423</ymax>
		</bndbox>
	</object>
	<object>
		<name>tracks</name>
		<pose>Unspecified</pose>
		<truncated>0</truncated>
		<difficult>0</difficult>
		<bndbox>
			<xmin>1168</xmin>
			<ymin>1534</ymin>
			<xmax>1278</xmax>
			<ymax>1753</ymax>
		</bndbox>
	</object>
	<object>
		<name>tracks</name>
		<pose>Unspecified</pose>
		<truncated>0</truncated>
		<difficult>0</difficult>
		<bndbox>
			<xmin>1182</xmin>
			<ymin>1346</ymin>
			<xmax>1405</xmax>
			<ymax>1456</ymax>
		</bndbox>
	</object>
	<object>
		<name>tracks</name>
		<pose>Unspecified</pose>
		<truncated>0</truncated>
		<difficult>0</difficult>
		<bndbox>
			<xmin>1898</xmin>
			<ymin>1984</ymin>
			<xmax>2294</xmax>
			<ymax>2064</ymax>
		</bndbox>
	</object>
	<object>
		<name>tracks</name>
		<pose>Unspecified</pose>
		<truncated>0</truncated>
		<difficult>0</difficult>
		<bndbox>
			<xmin>2643</xmin>
			<ymin>1833</ymin>
			<xmax>2749</xmax>
			<ymax>1989</ymax>
		</bndbox>
	</object>
	<object>
		<name>tracks</name>
		<pose>Unspecified</pose>
		<truncated>0</truncated>
		<difficult>0</difficult>
		<bndbox>
			<xmin>2374</xmin>
			<ymin>1304</ymin>
			<xmax>2580</xmax>
			<ymax>1558</ymax>
		</bndbox>
	</object>
	<object>
		<name>tracks</name>
		<pose>Unspecified</pose>
		<truncated>0</truncated>
		<difficult>0</difficult>
		<bndbox>
			<xmin>2019</xmin>
			<ymin>1088</ymin>
			<xmax>2373</xmax>
			<ymax>1174</ymax>
		</bndbox>
	</object>
</annotation>
