<annotation>
	<folder>COMPONENTS</folder>
	<filename>OSC2-2.jpg</filename>
	<path>/Users/abhir/Desktop/AOI/data/COMPONENTS/OSC2-2.jpg</path>
	<source>
		<database>Unknown</database>
	</source>
	<size>
		<width>1960</width>
		<height>1308</height>
		<depth>3</depth>
	</size>
	<segmented>0</segmented>
	<object>
		<name>bbox</name>
		<pose>Unspecified</pose>
		<truncated>0</truncated>
		<difficult>0</difficult>
		<bndbox>
			<xmin>740</xmin>
			<ymin>455</ymin>
			<xmax>1108</xmax>
			<ymax>888</ymax>
		</bndbox>
	</object>
</annotation>
